<?xml version="1.0" encoding="UTF-8" standalone="yes"?>
<addon id="plugin.program.kodiwizard" name="Kodi Wizard" version="1.0" provider-name="Kodi Wizard">
  <requires>
    <import addon="xbmc.python" version="2.1.0"/>
  </requires>
  <extension point="xbmc.python.pluginsource" library="default.py">
        <provides>executable</provides>
  </extension>
  <extension point="xbmc.addon.metadata">
    <summary lang="en">"Kodi Wizard" Wizard</summary>
    <description lang="en">Configure Kodi with custom addons in Just One Click!</description>
    <platform>all</platform> 
  </extension>
</addon>
