<?xml version="1.0" encoding="UTF-8" standalone="yes"?>
<addon id="repository.amber.nexus" name="Amber Repository - Nexus" version="1.0.0" provider-name="bsoriano">
	<requires>
		<import addon="xbmc.addon" version="12.0.0"/>
	</requires>
	<extension point="xbmc.addon.repository" name="Amber Repo">
		<dir minversion="19.9.0">
			<info compressed="false">https://raw.githubusercontent.com/bartolomesoriano/repo.amber.nexus/master/addons.xml</info>
			<checksum>https://raw.githubusercontent.com/bartolomesoriano/repo.amber.nexus/master/addons.xml.md5</checksum>
			<datadir zip="true">https://raw.githubusercontent.com/bartolomesoriano/repo.amber.nexus/master</datadir>
		</dir>
	</extension>
	<extension point="xbmc.addon.metadata">
		<summary>Amber skin for Nexus</summary>
		<description>Nexus Repository for Amber</description>
		<platform>all</platform>
		<news>[I]v1.0.0[/I][CR]- Initial Release</news>
	</extension>
</addon>